Ng√†y,Cao
17/05/2013,34.87
20/05/2013,35.09
21/05/2013,35.27
22/05/2013,34.84
23/05/2013,34.55
24/05/2013,34.28
28/05/2013,35.18
29/05/2013,35.02
30/05/2013,35.25
31/05/2013,35.28
03/06/2013,35.63
04/06/2013,35.74
05/06/2013,34.89
06/06/2013,35.11
07/06/2013,35.78
10/06/2013,35.65
11/06/2013,35.18
12/06/2013,35.27
13/06/2013,35.02
14/06/2013,34.69
17/06/2013,35.16
18/06/2013,35.17
19/06/2013,35.09
20/06/2013,34.33
21/06/2013,33.73
24/06/2013,34.2
25/06/2013,34.38
26/06/2013,34.48
27/06/2013,34.78
28/06/2013,34.79
01/07/2013,34.99
02/07/2013,34.44
03/07/2013,34.37
05/07/2013,34.24
08/07/2013,34.59
09/07/2013,34.6
10/07/2013,34.81
11/07/2013,35.77
12/07/2013,35.73
15/07/2013,36.22
16/07/2013,36.43
17/07/2013,36.39
18/07/2013,35.89
19/07/2013,32.67
22/07/2013,32.01
23/07/2013,32.04
24/07/2013,32.19
25/07/2013,31.65
26/07/2013,31.62
29/07/2013,31.6
30/07/2013,32.12
31/07/2013,32.05
01/08/2013,32.09
02/08/2013,31.9
05/08/2013,32.0
06/08/2013,31.67
07/08/2013,32.1
08/08/2013,33.07
09/08/2013,32.9
12/08/2013,32.97
13/08/2013,32.55
14/08/2013,33.36
15/08/2013,32.18
16/08/2013,31.99
19/08/2013,31.97
20/08/2013,31.9
21/08/2013,32.01
22/08/2013,32.49
23/08/2013,35.2
26/08/2013,34.67
27/08/2013,34.1
28/08/2013,33.6
29/08/2013,33.6
30/08/2013,33.48
03/09/2013,32.07
04/09/2013,31.47
05/09/2013,31.44
06/09/2013,31.39
09/09/2013,31.79
10/09/2013,32.4
11/09/2013,32.93
12/09/2013,32.78
13/09/2013,33.07
16/09/2013,33.5
17/09/2013,33.47
18/09/2013,33.4
19/09/2013,33.68
20/09/2013,33.48
23/09/2013,32.97
24/09/2013,32.87
25/09/2013,32.8
26/09/2013,33.0
27/09/2013,33.75
30/09/2013,33.31
01/10/2013,33.61
02/10/2013,34.03
03/10/2013,34.0
04/10/2013,33.99
07/10/2013,33.71
08/10/2013,33.33
09/10/2013,33.35
10/10/2013,33.89
11/10/2013,34.14
14/10/2013,34.5
15/10/2013,34.99
16/10/2013,34.9
17/10/2013,34.99
18/10/2013,34.99
21/10/2013,35.2
22/10/2013,35.1
23/10/2013,34.49
24/10/2013,34.1
25/10/2013,36.29
28/10/2013,35.73
29/10/2013,35.72
30/10/2013,35.79
31/10/2013,35.69
01/11/2013,35.69
04/11/2013,35.98
05/11/2013,36.71
06/11/2013,38.22
07/11/2013,38.01
08/11/2013,37.78
11/11/2013,37.77
12/11/2013,37.59
13/11/2013,38.16
14/11/2013,38.13
15/11/2013,38.02
18/11/2013,37.58
19/11/2013,37.23
20/11/2013,37.41
21/11/2013,37.53
22/11/2013,37.68
25/11/2013,37.95
26/11/2013,37.65
27/11/2013,37.76
29/11/2013,38.29
02/12/2013,38.78
03/12/2013,38.49
04/12/2013,38.98
05/12/2013,38.88
06/12/2013,38.55
09/12/2013,38.87
10/12/2013,38.9
11/12/2013,38.3
12/12/2013,37.64
13/12/2013,37.45
16/12/2013,37.0
17/12/2013,37.11
18/12/2013,36.6
19/12/2013,36.55
20/12/2013,36.93
23/12/2013,36.89
24/12/2013,37.17
26/12/2013,37.49
27/12/2013,37.62
30/12/2013,37.38
31/12/2013,37.58
02/01/2014,37.4
03/01/2014,37.22
06/01/2014,36.89
07/01/2014,36.49
08/01/2014,36.14
09/01/2014,35.91
10/01/2014,36.15
13/01/2014,36.02
14/01/2014,35.88
15/01/2014,36.79
16/01/2014,37.0
17/01/2014,36.83
21/01/2014,36.82
22/01/2014,36.32
23/01/2014,36.13
24/01/2014,37.55
27/01/2014,36.89
28/01/2014,36.39
29/01/2014,36.88
30/01/2014,36.88
31/01/2014,37.89
03/02/2014,37.98
04/02/2014,37.19
05/02/2014,36.47
06/02/2014,36.25
07/02/2014,36.59
10/02/2014,36.8
11/02/2014,37.26
12/02/2014,37.6
13/02/2014,37.86
14/02/2014,37.78
18/02/2014,37.78
19/02/2014,37.75
20/02/2014,37.87
21/02/2014,38.35
24/02/2014,37.98
25/02/2014,37.85
26/02/2014,37.74
27/02/2014,37.89
28/02/2014,38.46
03/03/2014,38.13
04/03/2014,38.48
05/03/2014,38.27
06/03/2014,38.24
07/03/2014,38.36
10/03/2014,38.01
11/03/2014,38.23
12/03/2014,38.43
13/03/2014,38.45
14/03/2014,38.13
17/03/2014,38.41
18/03/2014,39.9
19/03/2014,39.55
20/03/2014,40.65
21/03/2014,40.94
24/03/2014,40.64
25/03/2014,40.99
26/03/2014,40.7
27/03/2014,39.97
28/03/2014,40.63
31/03/2014,41.5
01/04/2014,41.59
02/04/2014,41.66
03/04/2014,41.29
04/04/2014,41.39
07/04/2014,40.27
08/04/2014,39.93
09/04/2014,40.55
10/04/2014,40.69
11/04/2014,39.79
14/04/2014,39.41
15/04/2014,39.96
16/04/2014,40.41
17/04/2014,40.2
21/04/2014,40.15
22/04/2014,40.14
23/04/2014,39.99
24/04/2014,39.97
25/04/2014,40.68
28/04/2014,41.29
29/04/2014,41.19
30/04/2014,40.5
01/05/2014,40.36
02/05/2014,40.34
05/05/2014,39.64
06/05/2014,39.35
07/05/2014,39.51
08/05/2014,39.9
09/05/2014,39.85
12/05/2014,40.02
13/05/2014,40.5
14/05/2014,40.45
15/05/2014,40.4
16/05/2014,39.84
19/05/2014,39.82
20/05/2014,39.94
21/05/2014,40.35
22/05/2014,40.35
23/05/2014,40.37
27/05/2014,40.26
28/05/2014,40.19
29/05/2014,40.35
30/05/2014,40.97
02/06/2014,41.09
03/06/2014,40.68
04/06/2014,40.37
05/06/2014,41.25
06/06/2014,41.66
09/06/2014,41.48
10/06/2014,41.16
11/06/2014,41.07
12/06/2014,40.88
13/06/2014,41.56
16/06/2014,41.61
17/06/2014,41.91
18/06/2014,41.74
19/06/2014,41.77
20/06/2014,41.83
23/06/2014,42.0
24/06/2014,41.94
25/06/2014,42.05
26/06/2014,41.94
27/06/2014,42.29
30/06/2014,42.21
01/07/2014,42.15
02/07/2014,41.9
03/07/2014,41.99
07/07/2014,42.12
08/07/2014,42.0
09/07/2014,41.99
10/07/2014,42.0
11/07/2014,42.09
14/07/2014,42.45
15/07/2014,42.47
16/07/2014,44.31
17/07/2014,45.71
18/07/2014,44.84
21/07/2014,45.16
22/07/2014,45.15
23/07/2014,45.45
24/07/2014,45.0
25/07/2014,44.66
28/07/2014,44.51
29/07/2014,44.09
30/07/2014,44.1
31/07/2014,43.69
01/08/2014,43.25
04/08/2014,43.47
05/08/2014,43.46
06/08/2014,43.17
07/08/2014,43.45
08/08/2014,43.31
11/08/2014,43.45
12/08/2014,43.59
13/08/2014,44.18
14/08/2014,44.42
15/08/2014,44.9
18/08/2014,45.11
19/08/2014,45.34
20/08/2014,45.4
21/08/2014,45.25
22/08/2014,45.47
25/08/2014,45.44
26/08/2014,45.4
27/08/2014,45.0
28/08/2014,44.98
29/08/2014,45.44
02/09/2014,45.46
03/09/2014,45.11
04/09/2014,45.27
05/09/2014,45.93
08/09/2014,46.8
09/09/2014,46.97
10/09/2014,46.94
11/09/2014,47.0
12/09/2014,47.02
15/09/2014,46.71
16/09/2014,46.85
17/09/2014,46.69
18/09/2014,46.83
19/09/2014,47.57
22/09/2014,47.38
23/09/2014,46.98
24/09/2014,47.11
25/09/2014,47.09
26/09/2014,46.62
29/09/2014,46.56
30/09/2014,46.48
01/10/2014,46.53
02/10/2014,46.1
03/10/2014,46.3
06/10/2014,46.3
07/10/2014,45.93
08/10/2014,46.89
09/10/2014,46.8
10/10/2014,46.12
13/10/2014,44.56
14/10/2014,44.38
15/10/2014,43.39
16/10/2014,43.08
17/10/2014,43.94
20/10/2014,44.14
21/10/2014,44.98
22/10/2014,45.07
23/10/2014,45.45
24/10/2014,46.9
27/10/2014,46.1
28/10/2014,46.5
29/10/2014,46.7
30/10/2014,46.32
31/10/2014,46.97
03/11/2014,47.46
04/11/2014,47.73
05/11/2014,47.9
06/11/2014,48.86
07/11/2014,48.92
10/11/2014,49.15
11/11/2014,48.95
12/11/2014,48.92
13/11/2014,49.65
14/11/2014,50.05
17/11/2014,49.7
18/11/2014,49.33
19/11/2014,48.75
20/11/2014,48.7
21/11/2014,49.05
24/11/2014,48.0
25/11/2014,47.97
26/11/2014,47.99
28/11/2014,48.2
01/12/2014,48.78
02/12/2014,49.05
03/12/2014,48.5
04/12/2014,49.06
05/12/2014,48.97
08/12/2014,48.35
09/12/2014,47.92
10/12/2014,47.66
11/12/2014,47.74
12/12/2014,47.73
15/12/2014,47.67
16/12/2014,46.34
17/12/2014,45.95
18/12/2014,47.52
19/12/2014,48.1
22/12/2014,48.12
23/12/2014,48.8
24/12/2014,48.64
26/12/2014,48.41
29/12/2014,47.78
30/12/2014,47.62
31/12/2014,47.44
02/01/2015,47.42
05/01/2015,46.73
06/01/2015,46.75
07/01/2015,46.46
08/01/2015,47.75
09/01/2015,47.82
12/01/2015,47.54
13/01/2015,47.91
14/01/2015,46.24
15/01/2015,46.38
16/01/2015,46.28
20/01/2015,46.65
21/01/2015,46.14
22/01/2015,47.13
23/01/2015,47.39
26/01/2015,47.13
27/01/2015,43.2
28/01/2015,42.79
29/01/2015,42.12
30/01/2015,41.58
02/02/2015,41.37
03/02/2015,41.93
04/02/2015,42.21
05/02/2015,42.64
06/02/2015,42.79
09/02/2015,42.74
10/02/2015,42.77
11/02/2015,42.65
12/02/2015,43.09
13/02/2015,43.87
17/02/2015,44.0
18/02/2015,43.7
19/02/2015,43.53
20/02/2015,43.88
23/02/2015,44.19
24/02/2015,44.3
25/02/2015,44.09
26/02/2015,44.23
27/02/2015,44.2
02/03/2015,44.19
03/03/2015,43.83
04/03/2015,43.21
05/03/2015,43.24
06/03/2015,43.11
09/03/2015,43.12
10/03/2015,42.71
11/03/2015,42.37
12/03/2015,41.65
13/03/2015,41.47
16/03/2015,41.64
17/03/2015,41.83
18/03/2015,42.83
19/03/2015,42.59
20/03/2015,42.98
23/03/2015,43.13
24/03/2015,43.17
25/03/2015,42.92
26/03/2015,41.61
27/03/2015,41.43
30/03/2015,41.54
31/03/2015,41.03
01/04/2015,40.76
02/04/2015,40.74
06/04/2015,41.78
07/04/2015,41.91
08/04/2015,41.69
09/04/2015,41.62
10/04/2015,41.95
13/04/2015,42.06
14/04/2015,42.03
15/04/2015,42.46
16/04/2015,42.34
17/04/2015,41.74
20/04/2015,43.17
21/04/2015,43.15
22/04/2015,43.13
23/04/2015,43.61
24/04/2015,48.14
27/04/2015,48.13
28/04/2015,49.21
29/04/2015,49.31
30/04/2015,49.54
01/05/2015,48.88
04/05/2015,48.87
05/05/2015,48.16
06/05/2015,47.77
07/05/2015,47.09
08/05/2015,47.98
11/05/2015,47.91
12/05/2015,47.68
13/05/2015,48.32
14/05/2015,48.82
15/05/2015,48.91
18/05/2015,48.22
19/05/2015,47.81
20/05/2015,47.93
21/05/2015,47.6
22/05/2015,47.35
26/05/2015,46.88
27/05/2015,47.77
28/05/2015,48.02
29/05/2015,47.57
01/06/2015,47.77
02/06/2015,47.35
03/06/2015,47.73
04/06/2015,47.16
05/06/2015,46.52
08/06/2015,46.43
09/06/2015,45.94
10/06/2015,46.83
11/06/2015,46.92
12/06/2015,46.47
15/06/2015,45.65
16/06/2015,46.24
17/06/2015,46.07
18/06/2015,46.8
19/06/2015,46.83
22/06/2015,46.72
23/06/2015,46.28
24/06/2015,46.24
25/06/2015,46.06
26/06/2015,46.28
29/06/2015,45.23
30/06/2015,44.72
01/07/2015,45.23
02/07/2015,44.75
06/07/2015,44.48
07/07/2015,44.49
08/07/2015,44.9
09/07/2015,45.22
10/07/2015,45.14
13/07/2015,45.62
14/07/2015,45.96
15/07/2015,45.89
16/07/2015,46.69
17/07/2015,46.78
20/07/2015,47.13
21/07/2015,47.33
22/07/2015,46.93
23/07/2015,46.23
24/07/2015,46.32
27/07/2015,46.01
28/07/2015,45.64
29/07/2015,46.78
30/07/2015,47.4
31/07/2015,47.37
03/08/2015,47.0
04/08/2015,47.71
05/08/2015,48.41
06/08/2015,47.77
07/08/2015,46.78
10/08/2015,47.49
11/08/2015,46.94
12/08/2015,46.9
13/08/2015,47.1
14/08/2015,47.1
17/08/2015,47.45
18/08/2015,47.43
19/08/2015,47.08
20/08/2015,46.47
21/08/2015,45.48
24/08/2015,43.31
25/08/2015,43.24
26/08/2015,42.84
27/08/2015,43.95
28/08/2015,44.15
31/08/2015,43.93
01/09/2015,42.59
02/09/2015,43.38
03/09/2015,43.98
04/09/2015,43.04
08/09/2015,44.0
09/09/2015,44.4
10/09/2015,43.79
11/09/2015,43.59
14/09/2015,43.44
15/09/2015,44.29
16/09/2015,44.38
17/09/2015,45.0
18/09/2015,43.99
21/09/2015,44.47
22/09/2015,44.05
23/09/2015,44.17
24/09/2015,44.13
25/09/2015,44.73
28/09/2015,44.09
29/09/2015,43.57
30/09/2015,44.3
01/10/2015,44.75
02/10/2015,45.57
05/10/2015,46.89
06/10/2015,47.17
07/10/2015,47.35
08/10/2015,47.52
09/10/2015,47.54
12/10/2015,47.07
13/10/2015,47.13
14/10/2015,47.1
15/10/2015,47.03
16/10/2015,47.54
19/10/2015,47.88
20/10/2015,47.81
21/10/2015,47.99
22/10/2015,48.95
23/10/2015,54.07
26/10/2015,54.32
27/10/2015,54.37
28/10/2015,53.98
29/10/2015,53.83
30/10/2015,53.99
02/11/2015,53.36
03/11/2015,54.39
04/11/2015,54.88
05/11/2015,54.7
06/11/2015,54.98
09/11/2015,54.87
10/11/2015,54.13
11/11/2015,54.2
12/11/2015,53.98
13/11/2015,53.29
16/11/2015,53.89
17/11/2015,53.53
18/11/2015,53.98
19/11/2015,54.66
20/11/2015,54.3
23/11/2015,54.46
24/11/2015,54.44
25/11/2015,54.23
27/11/2015,54.08
30/11/2015,54.96
01/12/2015,55.23
02/12/2015,55.96
03/12/2015,55.77
04/12/2015,56.23
07/12/2015,55.97
08/12/2015,56.1
09/12/2015,55.87
10/12/2015,55.66
11/12/2015,55.1
14/12/2015,55.21
15/12/2015,55.9
16/12/2015,56.24
17/12/2015,56.79
18/12/2015,56.0
21/12/2015,55.35
22/12/2015,55.48
23/12/2015,55.88
24/12/2015,55.96
28/12/2015,55.95
29/12/2015,56.85
30/12/2015,56.78
31/12/2015,56.19
04/01/2016,54.8
05/01/2016,55.39
06/01/2016,54.4
07/01/2016,53.48
08/01/2016,53.28
11/01/2016,52.85
12/01/2016,53.1
13/01/2016,54.07
14/01/2016,53.42
15/01/2016,51.97
19/01/2016,51.68
20/01/2016,51.38
21/01/2016,51.58
22/01/2016,52.33
25/01/2016,52.65
26/01/2016,52.44
27/01/2016,52.2
28/01/2016,52.21
29/01/2016,55.09
01/02/2016,55.09
02/02/2016,54.26
03/02/2016,53.39
04/02/2016,52.81
05/02/2016,52.0
08/02/2016,49.57
09/02/2016,50.24
10/02/2016,50.39
11/02/2016,50.11
12/02/2016,50.68
16/02/2016,51.09
17/02/2016,52.77
18/02/2016,52.95
19/02/2016,52.28
22/02/2016,53.0
23/02/2016,52.37
24/02/2016,51.5
25/02/2016,52.1
26/02/2016,52.68
27/02/2016,51.34
29/02/2016,51.65
01/03/2016,52.59
02/03/2016,52.96
03/03/2016,52.97
04/03/2016,52.45
07/03/2016,51.8
08/03/2016,52.13
09/03/2016,52.85
10/03/2016,52.94
11/03/2016,53.07
14/03/2016,53.59
15/03/2016,53.59
16/03/2016,54.6
17/03/2016,55.0
18/03/2016,54.97
21/03/2016,53.93
22/03/2016,54.25
23/03/2016,54.24
24/03/2016,54.33
28/03/2016,54.29
29/03/2016,54.86
30/03/2016,55.64
31/03/2016,55.59
01/04/2016,55.61
04/04/2016,55.66
05/04/2016,55.3
06/04/2016,55.2
07/04/2016,54.91
08/04/2016,55.28
11/04/2016,55.15
12/04/2016,54.78
13/04/2016,55.44
14/04/2016,55.58
15/04/2016,55.92
18/04/2016,56.59
19/04/2016,56.77
20/04/2016,56.5
21/04/2016,56.23
22/04/2016,52.43
25/04/2016,52.13
26/04/2016,52.35
27/04/2016,51.5
28/04/2016,50.77
29/04/2016,50.25
02/05/2016,50.75
03/05/2016,50.41
04/05/2016,50.06
05/05/2016,50.3
06/05/2016,50.39
09/05/2016,50.59
10/05/2016,51.1
11/05/2016,51.78
12/05/2016,51.81
13/05/2016,51.9
16/05/2016,51.96
17/05/2016,51.73
18/05/2016,51.14
19/05/2016,50.62
20/05/2016,51.22
23/05/2016,50.68
24/05/2016,51.71
25/05/2016,52.49
26/05/2016,51.98
27/05/2016,52.32
31/05/2016,53.0
01/06/2016,52.95
02/06/2016,52.74
03/06/2016,52.42
06/06/2016,52.35
07/06/2016,52.73
08/06/2016,52.44
09/06/2016,52.0
10/06/2016,52.05
13/06/2016,50.72
14/06/2016,50.1
15/06/2016,50.12
16/06/2016,50.47
17/06/2016,50.43
20/06/2016,50.83
21/06/2016,51.43
22/06/2016,51.46
23/06/2016,52.06
24/06/2016,50.94
27/06/2016,49.15
28/06/2016,49.47
29/06/2016,50.72
30/06/2016,51.3
01/07/2016,51.72
05/07/2016,51.28
06/07/2016,51.54
07/07/2016,51.61
08/07/2016,52.36
11/07/2016,52.83
12/07/2016,53.4
13/07/2016,53.86
14/07/2016,53.99
15/07/2016,54.0
18/07/2016,54.34
19/07/2016,53.9
20/07/2016,56.84
21/07/2016,56.23
22/07/2016,56.63
25/07/2016,56.74
26/07/2016,57.29
27/07/2016,56.8
28/07/2016,56.37
29/07/2016,56.76
01/08/2016,56.75
02/08/2016,56.9
03/08/2016,57.11
04/08/2016,57.52
05/08/2016,58.21
08/08/2016,58.09
09/08/2016,58.5
10/08/2016,58.32
11/08/2016,58.45
12/08/2016,58.19
15/08/2016,58.5
16/08/2016,57.62
17/08/2016,57.68
18/08/2016,57.7
19/08/2016,57.73
22/08/2016,57.75
23/08/2016,58.18
24/08/2016,58.04
25/08/2016,58.29
26/08/2016,58.7
29/08/2016,58.6
30/08/2016,58.19
31/08/2016,57.8
01/09/2016,57.82
02/09/2016,58.19
06/09/2016,57.8
07/09/2016,57.84
08/09/2016,57.79
09/09/2016,57.52
12/09/2016,57.2
13/09/2016,56.65
14/09/2016,56.63
15/09/2016,57.35
16/09/2016,57.63
19/09/2016,57.75
20/09/2016,57.35
21/09/2016,57.85
22/09/2016,58.0
23/09/2016,57.91
26/09/2016,57.14
27/09/2016,58.06
28/09/2016,58.06
29/09/2016,58.17
30/09/2016,57.77
03/10/2016,57.55
04/10/2016,57.59
05/10/2016,57.96
06/10/2016,57.86
07/10/2016,57.98
10/10/2016,58.39
11/10/2016,58.02
12/10/2016,57.27
13/10/2016,57.3
14/10/2016,57.74
17/10/2016,57.46
18/10/2016,57.95
19/10/2016,57.84
20/10/2016,57.52
21/10/2016,60.45
24/10/2016,61.0
25/10/2016,61.37
26/10/2016,61.2
27/10/2016,60.83
28/10/2016,60.52
31/10/2016,60.42
01/11/2016,60.02
02/11/2016,59.93
03/11/2016,59.64
04/11/2016,59.28
07/11/2016,60.52
08/11/2016,60.78
09/11/2016,60.59
10/11/2016,60.49
11/11/2016,59.12
14/11/2016,59.08
15/11/2016,59.49
16/11/2016,59.66
17/11/2016,60.95
18/11/2016,61.14
21/11/2016,60.97
22/11/2016,61.26
23/11/2016,61.1
25/11/2016,60.53
28/11/2016,61.02
29/11/2016,61.41
30/11/2016,61.18
01/12/2016,60.15
02/12/2016,59.47
05/12/2016,60.59
06/12/2016,60.46
07/12/2016,61.38
08/12/2016,61.58
09/12/2016,61.99
12/12/2016,62.3
13/12/2016,63.42
14/12/2016,63.45
15/12/2016,63.15
16/12/2016,62.95
19/12/2016,63.77
20/12/2016,63.8
21/12/2016,63.7
22/12/2016,64.1
23/12/2016,63.54
27/12/2016,64.07
28/12/2016,63.4
29/12/2016,63.2
30/12/2016,62.99
03/01/2017,62.84
04/01/2017,62.75
05/01/2017,62.66
06/01/2017,63.15
09/01/2017,63.08
10/01/2017,63.07
11/01/2017,63.23
12/01/2017,63.4
13/01/2017,62.87
17/01/2017,62.7
18/01/2017,62.7
19/01/2017,62.98
20/01/2017,62.82
23/01/2017,63.12
24/01/2017,63.73
25/01/2017,64.1
26/01/2017,64.53
27/01/2017,65.91
30/01/2017,65.79
31/01/2017,65.15
01/02/2017,64.62
02/02/2017,63.41
03/02/2017,63.7
06/02/2017,63.65
07/02/2017,63.78
08/02/2017,63.81
09/02/2017,64.44
10/02/2017,64.3
13/02/2017,64.86
14/02/2017,64.72
15/02/2017,64.57
16/02/2017,65.24
17/02/2017,64.69
21/02/2017,64.95
22/02/2017,64.39
23/02/2017,64.73
24/02/2017,64.8
27/02/2017,64.54
28/02/2017,64.2
01/03/2017,64.99
02/03/2017,64.75
03/03/2017,64.28
06/03/2017,64.56
07/03/2017,64.78
08/03/2017,65.08
09/03/2017,65.2
10/03/2017,65.26
13/03/2017,65.19
14/03/2017,64.55
15/03/2017,64.92
16/03/2017,64.76
17/03/2017,65.24
20/03/2017,65.17
21/03/2017,65.5
22/03/2017,65.14
23/03/2017,65.23
24/03/2017,65.45
27/03/2017,65.22
28/03/2017,65.47
29/03/2017,65.5
30/03/2017,65.98
31/03/2017,66.19
03/04/2017,65.94
04/04/2017,65.81
05/04/2017,66.35
06/04/2017,66.06
07/04/2017,65.96
10/04/2017,65.82
11/04/2017,65.61
12/04/2017,65.51
13/04/2017,65.86
17/04/2017,65.49
18/04/2017,65.71
19/04/2017,65.75
20/04/2017,65.75
21/04/2017,66.7
24/04/2017,67.66
25/04/2017,68.04
26/04/2017,68.31
27/04/2017,68.38
28/04/2017,69.14
01/05/2017,69.55
02/05/2017,69.71
03/05/2017,69.38
04/05/2017,69.08
05/05/2017,69.03
08/05/2017,69.05
09/05/2017,69.28
10/05/2017,69.56
11/05/2017,68.73
12/05/2017,68.61
15/05/2017,68.48
16/05/2017,69.44
17/05/2017,69.1
18/05/2017,68.13
19/05/2017,68.09
22/05/2017,68.5
23/05/2017,68.75
24/05/2017,68.88
25/05/2017,69.88
26/05/2017,70.22
30/05/2017,70.41
31/05/2017,70.74
01/06/2017,70.61
02/06/2017,71.86
05/06/2017,72.89
06/06/2017,72.62
07/06/2017,72.77
08/06/2017,72.52
09/06/2017,72.08
12/06/2017,69.94
13/06/2017,70.82
14/06/2017,71.1
15/06/2017,70.21
16/06/2017,70.03
19/06/2017,70.94
20/06/2017,70.87
21/06/2017,70.62
22/06/2017,70.59
23/06/2017,71.25
26/06/2017,71.71
27/06/2017,70.18
28/06/2017,69.84
29/06/2017,69.49
30/06/2017,69.38
03/07/2017,69.6
05/07/2017,69.44
06/07/2017,68.78
07/07/2017,69.84
10/07/2017,70.25
11/07/2017,70.68
12/07/2017,71.28
13/07/2017,72.04
14/07/2017,73.27
17/07/2017,73.45
18/07/2017,73.39
19/07/2017,74.04
20/07/2017,74.3
21/07/2017,74.29
24/07/2017,73.75
25/07/2017,74.31
26/07/2017,74.38
27/07/2017,74.42
28/07/2017,73.31
31/07/2017,73.44
01/08/2017,73.42
02/08/2017,72.56
03/08/2017,72.44
04/08/2017,73.04
07/08/2017,72.9
08/08/2017,73.13
09/08/2017,72.51
10/08/2017,72.19
11/08/2017,72.7
14/08/2017,73.72
15/08/2017,73.59
16/08/2017,74.1
17/08/2017,73.87
18/08/2017,72.84
21/08/2017,72.48
22/08/2017,73.24
23/08/2017,73.15
24/08/2017,72.86
25/08/2017,73.35
28/08/2017,73.09
29/08/2017,73.16
30/08/2017,74.21
31/08/2017,74.96
01/09/2017,74.74
05/09/2017,73.89
06/09/2017,74.04
07/09/2017,74.6
08/09/2017,74.44
11/09/2017,74.94
12/09/2017,75.24
13/09/2017,75.23
14/09/2017,75.49
15/09/2017,75.39
18/09/2017,75.97
19/09/2017,75.71
20/09/2017,75.55
21/09/2017,75.24
22/09/2017,74.51
25/09/2017,74.25
26/09/2017,73.81
27/09/2017,74.17
28/09/2017,73.97
29/09/2017,74.53
02/10/2017,75.01
03/10/2017,74.88
04/10/2017,74.72
05/10/2017,76.12
06/10/2017,76.03
09/10/2017,76.55
10/10/2017,76.63
11/10/2017,76.46
12/10/2017,77.29
13/10/2017,77.87
16/10/2017,77.81
17/10/2017,77.62
18/10/2017,77.85
19/10/2017,77.93
20/10/2017,78.97
23/10/2017,79.34
24/10/2017,79.2
25/10/2017,79.1
26/10/2017,79.42
27/10/2017,86.2
30/10/2017,84.33
31/10/2017,84.36
01/11/2017,83.76
02/11/2017,84.46
03/11/2017,84.54
06/11/2017,84.7
07/11/2017,84.9
08/11/2017,84.61
09/11/2017,84.27
10/11/2017,84.09
13/11/2017,83.94
14/11/2017,84.1
15/11/2017,83.69
16/11/2017,83.42
17/11/2017,83.12
20/11/2017,82.59
21/11/2017,83.84
22/11/2017,83.9
24/11/2017,83.43
27/11/2017,83.98
28/11/2017,85.06
29/11/2017,84.92
30/11/2017,84.52
01/12/2017,84.81
04/12/2017,84.43
05/12/2017,82.68
06/12/2017,83.14
07/12/2017,82.8
08/12/2017,84.58
11/12/2017,85.37
12/12/2017,86.05
13/12/2017,86.0
14/12/2017,85.87
15/12/2017,87.09
18/12/2017,87.5
19/12/2017,86.35
20/12/2017,86.3
21/12/2017,86.1
22/12/2017,85.63
26/12/2017,85.53
27/12/2017,85.98
28/12/2017,85.93
29/12/2017,86.05
02/01/2018,86.31
03/01/2018,86.51
04/01/2018,87.66
05/01/2018,88.41
08/01/2018,88.58
09/01/2018,88.73
10/01/2018,88.19
11/01/2018,88.13
12/01/2018,89.78
16/01/2018,90.79
17/01/2018,90.28
18/01/2018,90.67
19/01/2018,90.61
22/01/2018,91.62
23/01/2018,92.3
24/01/2018,93.43
25/01/2018,93.24
26/01/2018,94.06
29/01/2018,95.45
30/01/2018,93.66
31/01/2018,95.4
01/02/2018,96.07
02/02/2018,93.97
05/02/2018,93.24
06/02/2018,91.47
07/02/2018,91.77
08/02/2018,89.88
09/02/2018,88.93
12/02/2018,89.78
13/02/2018,90.0
14/02/2018,90.99
15/02/2018,92.72
16/02/2018,93.5
20/02/2018,93.06
21/02/2018,93.36
22/02/2018,92.73
23/02/2018,94.07
26/02/2018,95.45
27/02/2018,95.84
28/02/2018,95.7
01/03/2018,94.57
02/03/2018,93.15
05/03/2018,94.27
06/03/2018,94.49
07/03/2018,93.94
08/03/2018,95.1
09/03/2018,96.54
12/03/2018,97.21
13/03/2018,97.24
14/03/2018,95.41
15/03/2018,94.58
16/03/2018,95.38
19/03/2018,93.9
20/03/2018,93.77
21/03/2018,94.05
22/03/2018,91.75
23/03/2018,90.46
26/03/2018,94.0
27/03/2018,95.14
28/03/2018,91.23
29/03/2018,92.29
02/04/2018,90.88
03/04/2018,90.05
04/04/2018,92.76
05/04/2018,93.06
06/04/2018,92.46
09/04/2018,93.17
10/04/2018,93.28
11/04/2018,93.29
12/04/2018,94.16
13/04/2018,94.18
16/04/2018,94.66
17/04/2018,96.54
18/04/2018,96.72
19/04/2018,97.07
20/04/2018,96.11
23/04/2018,96.29
24/04/2018,96.47
25/04/2018,93.3
26/04/2018,95.15
27/04/2018,97.9
30/04/2018,96.4
01/05/2018,95.29
02/05/2018,95.17
03/05/2018,94.92
04/05/2018,95.37
07/05/2018,96.71
08/05/2018,96.16
09/05/2018,96.97
10/05/2018,97.95
11/05/2018,97.87
14/05/2018,98.69
15/05/2018,97.85
16/05/2018,97.4
17/05/2018,97.54
18/05/2018,96.93
21/05/2018,98.01
22/05/2018,98.17
23/05/2018,98.73
24/05/2018,98.94
25/05/2018,98.98
29/05/2018,98.88
30/05/2018,99.25
31/05/2018,99.99
01/06/2018,100.86
04/06/2018,101.86
05/06/2018,102.33
06/06/2018,102.6
07/06/2018,102.69
08/06/2018,101.95
11/06/2018,101.59
12/06/2018,101.45
13/06/2018,102.01
14/06/2018,102.03
15/06/2018,101.53
18/06/2018,101.11
19/06/2018,101.0
20/06/2018,102.52
21/06/2018,102.46
22/06/2018,100.77
25/06/2018,100.11
26/06/2018,100.08
27/06/2018,100.02
28/06/2018,99.11
29/06/2018,99.91
02/07/2018,100.06
03/07/2018,100.63
05/07/2018,99.92
06/07/2018,101.43
09/07/2018,102.25
10/07/2018,102.51
11/07/2018,102.34
12/07/2018,104.41
13/07/2018,105.6
16/07/2018,105.82
17/07/2018,106.5
18/07/2018,106.05
19/07/2018,105.31
20/07/2018,108.2
23/07/2018,108.14
24/07/2018,108.82
25/07/2018,111.15
26/07/2018,111.0
27/07/2018,110.18
30/07/2018,107.53
31/07/2018,106.72
01/08/2018,106.45
02/08/2018,108.09
03/08/2018,108.05
06/08/2018,108.42
07/08/2018,109.1
08/08/2018,109.75
09/08/2018,110.16
10/08/2018,109.69
13/08/2018,109.58
14/08/2018,109.75
15/08/2018,108.98
16/08/2018,108.86
17/08/2018,107.9
20/08/2018,107.9
21/08/2018,107.35
22/08/2018,107.34
23/08/2018,108.18
24/08/2018,108.56
27/08/2018,109.64
28/08/2018,110.5
29/08/2018,112.03
30/08/2018,112.61
31/08/2018,112.78
04/09/2018,111.95
05/09/2018,111.42
06/09/2018,108.99
07/09/2018,108.72
10/09/2018,109.64
11/09/2018,111.59
12/09/2018,111.85
13/09/2018,113.72
14/09/2018,113.73
17/09/2018,113.7
18/09/2018,113.69
19/09/2018,113.32
20/09/2018,113.8
21/09/2018,115.29
24/09/2018,114.9
25/09/2018,115.1
26/09/2018,115.06
27/09/2018,114.91
28/09/2018,114.57
01/10/2018,115.68
02/10/2018,115.84
03/10/2018,116.18
04/10/2018,114.76
05/10/2018,113.17
08/10/2018,112.03
09/10/2018,113.08
10/10/2018,111.5
11/10/2018,108.93
12/10/2018,111.24
15/10/2018,109.48
16/10/2018,111.41
17/10/2018,111.81
18/10/2018,110.53
19/10/2018,110.86
22/10/2018,110.54
23/10/2018,108.97
24/10/2018,108.49
25/10/2018,109.27
26/10/2018,108.75
29/10/2018,108.7
30/10/2018,104.38
31/10/2018,108.14
01/11/2018,107.32
02/11/2018,107.32
05/11/2018,107.74
06/11/2018,108.84
07/11/2018,112.24
08/11/2018,112.21
09/11/2018,111.45
12/11/2018,109.96
13/11/2018,108.74
14/11/2018,108.26
15/11/2018,107.8
16/11/2018,108.88
19/11/2018,108.56
20/11/2018,102.97
21/11/2018,104.43
23/11/2018,103.81
26/11/2018,106.63
27/11/2018,107.33
28/11/2018,111.33
29/11/2018,111.11
30/11/2018,110.97
03/12/2018,113.42
04/12/2018,112.64
06/12/2018,109.24
07/12/2018,109.45
10/12/2018,107.98
11/12/2018,110.95
12/12/2018,111.27
13/12/2018,110.87
14/12/2018,109.26
17/12/2018,105.8
18/12/2018,104.51
19/12/2018,106.88
20/12/2018,104.31
21/12/2018,103.0
24/12/2018,97.97
26/12/2018,100.69
27/12/2018,101.19
28/12/2018,102.41
31/12/2018,102.4
02/01/2019,101.75
03/01/2019,100.19
04/01/2019,102.51
07/01/2019,103.27
08/01/2019,103.97
09/01/2019,104.88
10/01/2019,103.75
11/01/2019,103.44
14/01/2019,102.87
15/01/2019,105.05
16/01/2019,106.25
17/01/2019,106.62
18/01/2019,107.9
22/01/2019,107.1
23/01/2019,107.04
24/01/2019,107.0
25/01/2019,107.88
28/01/2019,106.48
29/01/2019,104.97
30/01/2019,106.38
31/01/2019,105.22
01/02/2019,104.1
04/02/2019,105.8
05/02/2019,107.27
06/02/2019,107.0
07/02/2019,105.59
08/02/2019,105.78
11/02/2019,106.58
12/02/2019,107.14
13/02/2019,107.78
14/02/2019,107.29
15/02/2019,108.3
19/02/2019,108.66
20/02/2019,107.94
21/02/2019,109.48
22/02/2019,111.2
25/02/2019,112.18
26/02/2019,113.24
27/02/2019,112.36
28/02/2019,112.88
01/03/2019,113.02
04/03/2019,113.25
05/03/2019,112.39
06/03/2019,112.66
07/03/2019,111.55
08/03/2019,110.71
11/03/2019,112.95
12/03/2019,113.99
13/03/2019,115.0
14/03/2019,115.2
15/03/2019,117.25
18/03/2019,117.61
19/03/2019,118.44
20/03/2019,118.75
21/03/2019,120.82
22/03/2019,119.59
25/03/2019,118.01
26/03/2019,118.7
27/03/2019,118.21
28/03/2019,117.58
29/03/2019,118.32
01/04/2019,119.11
02/04/2019,119.48
03/04/2019,120.43
04/04/2019,120.23
05/04/2019,120.23
08/04/2019,120.02
09/04/2019,119.54
10/04/2019,120.35
11/04/2019,120.85
12/04/2019,120.98
15/04/2019,121.58
16/04/2019,121.65
17/04/2019,121.85
18/04/2019,123.52
22/04/2019,124.0
23/04/2019,125.58
24/04/2019,125.85
25/04/2019,131.37
26/04/2019,130.52
29/04/2019,130.18
30/04/2019,130.7
01/05/2019,130.65
02/05/2019,128.0
03/05/2019,129.43
06/05/2019,128.56
07/05/2019,127.18
08/05/2019,126.37
09/05/2019,125.79
10/05/2019,127.93
13/05/2019,125.55
14/05/2019,125.88
15/05/2019,126.71
16/05/2019,129.38
17/05/2019,130.46
20/05/2019,127.59
21/05/2019,127.53
22/05/2019,128.24
23/05/2019,126.29
24/05/2019,127.42
28/05/2019,128.0
29/05/2019,125.39
30/05/2019,125.76
31/05/2019,124.61
03/06/2019,124.37
04/06/2019,123.28
05/06/2019,125.87
06/06/2019,127.97
07/06/2019,132.25
10/06/2019,134.08
11/06/2019,134.24
12/06/2019,131.97
13/06/2019,132.67
14/06/2019,133.79
17/06/2019,133.73
18/06/2019,135.24
19/06/2019,135.93
20/06/2019,137.66
21/06/2019,137.73
24/06/2019,138.4
25/06/2019,137.59
26/06/2019,135.74
27/06/2019,134.71
28/06/2019,134.6
01/07/2019,136.7
02/07/2019,136.59
03/07/2019,137.74
05/07/2019,137.33
08/07/2019,137.1
09/07/2019,136.97
10/07/2019,138.58
11/07/2019,139.22
12/07/2019,139.13
15/07/2019,139.54
16/07/2019,139.05
17/07/2019,137.93
18/07/2019,136.62
19/07/2019,140.67
22/07/2019,139.19
23/07/2019,139.99
24/07/2019,140.74
25/07/2019,140.61
26/07/2019,141.68
29/07/2019,141.51
30/07/2019,141.22
31/07/2019,140.49
01/08/2019,140.94
02/08/2019,138.32
05/08/2019,133.93
06/08/2019,135.68
07/08/2019,135.65
08/08/2019,138.99
09/08/2019,139.38
12/08/2019,137.86
13/08/2019,138.8
14/08/2019,136.92
15/08/2019,134.58
16/08/2019,136.46
19/08/2019,138.55
20/08/2019,138.71
21/08/2019,139.49
22/08/2019,139.2
23/08/2019,138.35
26/08/2019,135.56
27/08/2019,136.72
28/08/2019,135.76
29/08/2019,138.44
30/08/2019,139.18
03/09/2019,137.2
04/09/2019,137.69
05/09/2019,140.38
06/09/2019,140.18
09/09/2019,139.75
10/09/2019,136.89
11/09/2019,136.27
12/09/2019,138.42
13/09/2019,138.06
16/09/2019,136.7
17/09/2019,137.52
18/09/2019,138.67
19/09/2019,142.37
20/09/2019,141.65
23/09/2019,139.63
24/09/2019,140.69
25/09/2019,139.96
26/09/2019,140.18
27/09/2019,140.36
30/09/2019,139.22
01/10/2019,140.25
02/10/2019,136.37
03/10/2019,136.75
04/10/2019,138.25
07/10/2019,138.18
08/10/2019,137.76
09/10/2019,138.7
10/10/2019,139.67
11/10/2019,141.03
14/10/2019,140.29
15/10/2019,141.79
16/10/2019,140.99
17/10/2019,141.42
18/10/2019,140.0
21/10/2019,138.5
22/10/2019,140.01
23/10/2019,137.45
24/10/2019,140.42
25/10/2019,141.14
28/10/2019,145.67
29/10/2019,144.5
30/10/2019,145.0
31/10/2019,144.93
01/11/2019,144.42
04/11/2019,145.0
05/11/2019,145.02
06/11/2019,144.52
07/11/2019,144.88
08/11/2019,145.99
11/11/2019,146.42
12/11/2019,147.57
13/11/2019,147.46
14/11/2019,148.41
15/11/2019,149.99
18/11/2019,150.55
19/11/2019,151.33
20/11/2019,150.84
21/11/2019,149.8
22/11/2019,150.3
25/11/2019,151.35
26/11/2019,152.42
27/11/2019,152.5
29/11/2019,152.3
02/12/2019,151.83
03/12/2019,149.43
04/12/2019,150.18
05/12/2019,150.32
06/12/2019,151.87
09/12/2019,152.21
10/12/2019,151.89
11/12/2019,151.87
12/12/2019,153.44
13/12/2019,154.89
16/12/2019,155.9
17/12/2019,155.71
18/12/2019,155.48
19/12/2019,155.77
20/12/2019,158.49
23/12/2019,158.12
24/12/2019,157.71
26/12/2019,158.73
27/12/2019,159.55
30/12/2019,159.02
31/12/2019,157.77
02/01/2020,160.73
03/01/2020,159.94
06/01/2020,159.1
07/01/2020,159.67
08/01/2020,160.8
09/01/2020,162.22
10/01/2020,163.22
13/01/2020,163.31
14/01/2020,163.6
15/01/2020,163.94
16/01/2020,166.24
17/01/2020,167.47
21/01/2020,168.19
22/01/2020,167.49
23/01/2020,166.8
24/01/2020,167.53
27/01/2020,163.38
28/01/2020,165.75
29/01/2020,168.75
30/01/2020,174.05
31/01/2020,172.4
03/02/2020,174.5
04/02/2020,180.64
05/02/2020,184.2
06/02/2020,183.82
07/02/2020,185.63
10/02/2020,188.84
11/02/2020,190.7
12/02/2020,185.85
13/02/2020,186.23
14/02/2020,185.41
18/02/2020,187.7
19/02/2020,188.18
20/02/2020,187.25
21/02/2020,183.5
24/02/2020,174.55
25/02/2020,174.84
26/02/2020,173.26
27/02/2020,167.03
28/02/2020,163.71
02/03/2020,172.92
03/03/2020,175.0
04/03/2020,170.7
05/03/2020,170.87
06/03/2020,163.11
09/03/2020,157.75
10/03/2020,161.03
11/03/2020,157.7
12/03/2020,153.47
13/03/2020,161.91
16/03/2020,149.35
17/03/2020,147.5
18/03/2020,145.9
19/03/2020,150.07
20/03/2020,147.1
23/03/2020,140.57
24/03/2020,149.56
25/03/2020,154.3
26/03/2020,156.6
27/03/2020,154.88
30/03/2020,160.6
31/03/2020,164.78
01/04/2020,157.75
02/04/2020,155.48
03/04/2020,157.38
06/04/2020,166.5
07/04/2020,170.0
08/04/2020,166.67
09/04/2020,167.37
13/04/2020,165.57
14/04/2020,173.75
15/04/2020,173.57
16/04/2020,177.28
17/04/2020,180.0
20/04/2020,178.75
21/04/2020,173.67
22/04/2020,174.0
23/04/2020,175.06
24/04/2020,174.56
27/04/2020,176.9
28/04/2020,175.67
29/04/2020,177.68
30/04/2020,180.4
01/05/2020,178.64
04/05/2020,179.0
05/05/2020,183.65
06/05/2020,184.2
07/05/2020,184.55
08/05/2020,185.0
11/05/2020,187.51
12/05/2020,187.04
13/05/2020,184.03
14/05/2020,180.65
15/05/2020,183.46
18/05/2020,186.2
19/05/2020,186.57
20/05/2020,185.8
21/05/2020,186.66
22/05/2020,184.46
26/05/2020,186.46
27/05/2020,181.96
28/05/2020,184.14
29/05/2020,184.27
01/06/2020,183.0
02/06/2020,185.0
03/06/2020,185.94
04/06/2020,185.84
05/06/2020,187.73
08/06/2020,188.55
09/06/2020,190.7
10/06/2020,198.52
11/06/2020,195.76
12/06/2020,191.72
15/06/2020,190.82
16/06/2020,195.58
17/06/2020,196.32
18/06/2020,196.49
19/06/2020,199.29
22/06/2020,200.76
23/06/2020,203.95
24/06/2020,203.25
25/06/2020,200.61
26/06/2020,199.89
29/06/2020,198.53
30/06/2020,204.4
01/07/2020,206.35
02/07/2020,208.02
06/07/2020,211.13
07/07/2020,214.67
08/07/2020,213.26
09/07/2020,216.38
10/07/2020,214.08
13/07/2020,215.8
14/07/2020,208.85
15/07/2020,211.33
16/07/2020,205.7
17/07/2020,205.04
20/07/2020,212.3
21/07/2020,213.94
22/07/2020,212.3
23/07/2020,210.92
24/07/2020,202.86
27/07/2020,203.97
28/07/2020,204.7
29/07/2020,204.65
30/07/2020,204.46
31/07/2020,205.1
03/08/2020,217.64
04/08/2020,214.77
05/08/2020,215.0
06/08/2020,216.37
07/08/2020,215.7
10/08/2020,211.88
11/08/2020,207.65
12/08/2020,210.28
13/08/2020,211.35
14/08/2020,209.59
17/08/2020,211.19
18/08/2020,212.36
19/08/2020,212.1
20/08/2020,215.0
21/08/2020,216.25
24/08/2020,215.52
25/08/2020,216.61
26/08/2020,222.09
27/08/2020,231.15
28/08/2020,230.64
31/08/2020,228.7
01/09/2020,227.45
02/09/2020,232.86
03/09/2020,229.31
04/09/2020,218.36
08/09/2020,210.03
09/09/2020,214.84
10/09/2020,214.74
11/09/2020,208.63
14/09/2020,209.2
15/09/2020,209.78
16/09/2020,210.65
17/09/2020,204.33
18/09/2020,203.65
21/09/2020,202.71
22/09/2020,208.1
23/09/2020,208.1
24/09/2020,205.57
25/09/2020,209.04
28/09/2020,212.57
29/09/2020,210.07
30/09/2020,211.98
01/10/2020,213.99
02/10/2020,210.99
05/10/2020,210.41
06/10/2020,210.18
07/10/2020,210.11
08/10/2020,211.19
09/10/2020,215.86
12/10/2020,223.86
13/10/2020,225.21
14/10/2020,224.22
15/10/2020,220.36
16/10/2020,222.29
19/10/2020,222.3
20/10/2020,217.37
21/10/2020,216.92
22/10/2020,216.05
23/10/2020,216.28
26/10/2020,216.34
27/10/2020,214.67
28/10/2020,208.84
29/10/2020,207.36
30/10/2020,204.29
02/11/2020,205.28
03/11/2020,208.12
04/11/2020,218.32
05/11/2020,224.12
06/11/2020,224.36
09/11/2020,228.12
10/11/2020,216.5
11/11/2020,218.04
12/11/2020,219.11
13/11/2020,217.42
16/11/2020,217.74
17/11/2020,217.68
18/11/2020,215.17
19/11/2020,213.03
20/11/2020,213.29
23/11/2020,212.29
24/11/2020,214.25
25/11/2020,215.29
27/11/2020,216.27
30/11/2020,214.76
01/12/2020,217.32
02/12/2020,215.47
03/12/2020,216.38
04/12/2020,215.38
07/12/2020,215.54
08/12/2020,216.95
09/12/2020,215.23
10/12/2020,213.08
11/12/2020,213.32
14/12/2020,216.21
15/12/2020,215.42
16/12/2020,220.11
17/12/2020,220.89
18/12/2020,219.69
21/12/2020,224.0
22/12/2020,225.63
23/12/2020,223.56
24/12/2020,223.61
28/12/2020,226.03
29/12/2020,227.18
30/12/2020,225.63
31/12/2020,223.0
04/01/2021,223.0
05/01/2021,218.52
06/01/2021,216.49
07/01/2021,219.34
08/01/2021,220.58
11/01/2021,218.91
12/01/2021,217.1
13/01/2021,216.76
14/01/2021,217.46
15/01/2021,214.51
19/01/2021,216.98
20/01/2021,225.79
21/01/2021,226.3
22/01/2021,230.07
25/01/2021,229.78
26/01/2021,234.18
27/01/2021,240.44
28/01/2021,242.64
29/01/2021,238.02
01/02/2021,242.5
02/02/2021,242.31
03/02/2021,245.09
04/02/2021,243.24
05/02/2021,243.28
08/02/2021,243.68
09/02/2021,244.76
10/02/2021,245.92
11/02/2021,245.15
12/02/2021,245.3
16/02/2021,246.13
17/02/2021,244.31
18/02/2021,243.93
19/02/2021,243.86
22/02/2021,237.93
23/02/2021,234.83
24/02/2021,235.2
25/02/2021,234.59
26/02/2021,235.37
01/03/2021,237.47
02/03/2021,237.3
03/03/2021,233.58
04/03/2021,232.49
05/03/2021,233.27
08/03/2021,233.37
09/03/2021,235.38
10/03/2021,237.0
11/03/2021,239.17
12/03/2021,235.82
15/03/2021,235.18
16/03/2021,240.05
17/03/2021,238.55
18/03/2021,234.19
19/03/2021,232.47
22/03/2021,236.9
23/03/2021,241.05
24/03/2021,238.0
25/03/2021,236.94
26/03/2021,236.71
29/03/2021,236.8
30/03/2021,233.85
31/03/2021,239.1
01/04/2021,242.84
05/04/2021,249.96
06/04/2021,249.4
07/04/2021,250.93
08/04/2021,254.14
09/04/2021,255.99
12/04/2021,257.67
13/04/2021,259.19
14/04/2021,258.83
15/04/2021,259.93
16/04/2021,261.0
19/04/2021,261.48
20/04/2021,260.2
21/04/2021,260.68
22/04/2021,261.78
23/04/2021,261.51
26/04/2021,262.43
27/04/2021,263.19
28/04/2021,256.54
29/04/2021,256.1
30/04/2021,253.08
03/05/2021,254.35
04/05/2021,251.21
05/05/2021,249.5
06/05/2021,249.86
07/05/2021,254.3
10/05/2021,251.73
11/05/2021,246.6
12/05/2021,244.38
13/05/2021,245.6
14/05/2021,249.18
17/05/2021,246.59
18/05/2021,246.41
19/05/2021,243.23
20/05/2021,247.95
21/05/2021,248.33
24/05/2021,251.16
25/05/2021,252.75
26/05/2021,252.94
27/05/2021,251.48
28/05/2021,252.08
01/06/2021,251.29
02/06/2021,249.27
03/06/2021,246.34
04/06/2021,251.65
07/06/2021,254.09
08/06/2021,256.01
09/06/2021,255.53
10/06/2021,257.46
11/06/2021,258.49
14/06/2021,259.95
15/06/2021,259.99
16/06/2021,260.58
17/06/2021,261.75
18/06/2021,262.3
21/06/2021,263.52
22/06/2021,265.79
23/06/2021,266.83
24/06/2021,267.85
25/06/2021,267.25
28/06/2021,268.9
29/06/2021,271.65
30/06/2021,271.36
01/07/2021,271.84
02/07/2021,278.0
06/07/2021,279.37
07/07/2021,280.69
08/07/2021,278.73
09/07/2021,278.05
12/07/2021,279.77
13/07/2021,282.85
14/07/2021,283.66
15/07/2021,282.51
16/07/2021,284.1
19/07/2021,280.37
20/07/2021,280.97
21/07/2021,281.52
22/07/2021,286.42
23/07/2021,289.99
26/07/2021,289.69
27/07/2021,289.58
28/07/2021,290.15
29/07/2021,288.62
30/07/2021,286.66
02/08/2021,286.77
03/08/2021,287.23
04/08/2021,287.59
05/08/2021,289.63
06/08/2021,289.5
09/08/2021,291.55
10/08/2021,289.25
11/08/2021,288.66
12/08/2021,289.97
13/08/2021,292.9
16/08/2021,294.82
17/08/2021,293.43
18/08/2021,294.82
19/08/2021,297.47
20/08/2021,305.84
23/08/2021,305.4
24/08/2021,305.65
25/08/2021,304.59
26/08/2021,302.43
27/08/2021,300.87
30/08/2021,304.22
31/08/2021,304.5
01/09/2021,305.19
02/09/2021,303.36
03/09/2021,302.6
07/09/2021,301.09
08/09/2021,300.61
09/09/2021,302.14
10/09/2021,299.92
13/09/2021,298.54
14/09/2021,301.39
15/09/2021,305.32
16/09/2021,305.31
17/09/2021,304.5
20/09/2021,298.72
21/09/2021,297.54
22/09/2021,300.22
23/09/2021,300.9
24/09/2021,299.8
27/09/2021,296.47
28/09/2021,290.78
29/09/2021,286.77
30/09/2021,287.83
01/10/2021,289.98
04/10/2021,287.75
05/10/2021,290.4
06/10/2021,293.63
07/10/2021,296.64
08/10/2021,296.64
11/10/2021,297.97
12/10/2021,295.44
13/10/2021,297.28
14/10/2021,303.27
15/10/2021,304.45
18/10/2021,308.21
19/10/2021,309.3
20/10/2021,309.7
21/10/2021,311.02
22/10/2021,311.09
25/10/2021,309.4
26/10/2021,312.39
27/10/2021,326.1
28/10/2021,324.87
29/10/2021,332.0
01/11/2021,331.49
02/11/2021,333.45
03/11/2021,334.9
04/11/2021,336.54
05/11/2021,338.79
08/11/2021,337.65
09/11/2021,338.72
10/11/2021,334.63
11/11/2021,333.77
12/11/2021,337.23
15/11/2021,337.88
16/11/2021,340.67
17/11/2021,342.19
18/11/2021,342.45
19/11/2021,345.1
22/11/2021,349.67
23/11/2021,339.45
24/11/2021,338.16
26/11/2021,337.93
29/11/2021,339.03
30/11/2021,337.78
01/12/2021,339.28
02/12/2021,333.49
03/12/2021,332.7
06/12/2021,327.45
07/12/2021,335.8
08/12/2021,335.5
09/12/2021,336.49
10/12/2021,343.0
13/12/2021,343.79
14/12/2021,334.64
15/12/2021,335.19
16/12/2021,336.76
17/12/2021,324.92
20/12/2021,322.8
21/12/2021,327.73
22/12/2021,333.61
23/12/2021,336.39
27/12/2021,342.48
28/12/2021,343.81
29/12/2021,344.3
30/12/2021,343.13
31/12/2021,339.36
03/01/2022,338.0
04/01/2022,335.2
05/01/2022,326.07
06/01/2022,318.7
07/01/2022,316.5
10/01/2022,314.72
11/01/2022,316.61
12/01/2022,323.41
13/01/2022,320.88
14/01/2022,310.82
18/01/2022,309.8
19/01/2022,313.91
20/01/2022,311.65
21/01/2022,304.11
24/01/2022,297.11
25/01/2022,294.99
26/01/2022,308.5
27/01/2022,307.3
28/01/2022,308.48
31/01/2022,312.38
01/02/2022,310.63
02/02/2022,315.12
03/02/2022,311.23
04/02/2022,308.8
07/02/2022,307.84
08/02/2022,305.56
09/02/2022,311.93
10/02/2022,309.12
11/02/2022,304.29
14/02/2022,296.76
15/02/2022,300.8
16/02/2022,300.87
17/02/2022,296.8
18/02/2022,293.86
22/02/2022,291.54
23/02/2022,291.7
24/02/2022,295.16
25/02/2022,297.63
28/02/2022,299.14
01/03/2022,299.97
02/03/2022,301.47
03/03/2022,303.13
04/03/2022,295.66
07/03/2022,289.69
08/03/2022,283.96
09/03/2022,289.6
10/03/2022,286.6
11/03/2022,289.51
14/03/2022,285.4
15/03/2022,287.82
16/03/2022,294.57
17/03/2022,295.61
18/03/2022,301.0
21/03/2022,300.14
22/03/2022,305.0
23/03/2022,303.23
24/03/2022,304.2
25/03/2022,305.5
28/03/2022,310.8
29/03/2022,315.82
30/03/2022,315.95
31/03/2022,315.14
01/04/2022,310.13
04/04/2022,315.11
05/04/2022,314.86
06/04/2022,307.0
07/04/2022,303.65
08/04/2022,301.12
11/04/2022,292.61
12/04/2022,290.74
13/04/2022,288.58
14/04/2022,288.3
18/04/2022,282.46
19/04/2022,286.17
20/04/2022,289.7
21/04/2022,293.3
22/04/2022,283.2
25/04/2022,281.11
26/04/2022,278.36
27/04/2022,290.97
28/04/2022,290.98
29/04/2022,289.88
02/05/2022,284.94
03/05/2022,284.13
04/05/2022,290.88
05/05/2022,286.35
06/05/2022,279.25
09/05/2022,272.36
10/05/2022,273.75
11/05/2022,271.36
12/05/2022,259.88
13/05/2022,263.04
16/05/2022,265.82
17/05/2022,268.33
18/05/2022,263.6
19/05/2022,257.67
20/05/2022,258.54
23/05/2022,261.5
24/05/2022,261.33
25/05/2022,264.58
26/05/2022,267.11
27/05/2022,273.34
31/05/2022,274.77
01/06/2022,277.69
02/06/2022,274.65
03/06/2022,273.45
06/06/2022,274.18
07/06/2022,273.13
08/06/2022,273.0
09/06/2022,272.71
10/06/2022,260.58
13/06/2022,249.02
14/06/2022,245.74
15/06/2022,255.3
16/06/2022,247.42
17/06/2022,250.5
21/06/2022,254.75
22/06/2022,257.17
23/06/2022,259.37
24/06/2022,267.98
27/06/2022,268.3
28/06/2022,266.91
29/06/2022,261.97
30/06/2022,259.53
01/07/2022,259.77
05/07/2022,262.98
06/07/2022,267.99
07/07/2022,269.05
08/07/2022,268.1
11/07/2022,266.53
12/07/2022,265.94
13/07/2022,253.55
14/07/2022,255.14
15/07/2022,260.37
18/07/2022,260.84
19/07/2022,259.72
20/07/2022,264.87
21/07/2022,264.89
22/07/2022,265.33
25/07/2022,261.5
26/07/2022,259.88
27/07/2022,270.05
28/07/2022,277.84
29/07/2022,282.0
01/08/2022,281.28
02/08/2022,277.89
03/08/2022,283.5
04/08/2022,283.8
05/08/2022,283.65
08/08/2022,285.92
09/08/2022,283.08
10/08/2022,289.81
11/08/2022,291.21
12/08/2022,291.91
15/08/2022,294.18
16/08/2022,294.04
17/08/2022,293.35
18/08/2022,291.91
19/08/2022,289.25
22/08/2022,282.46
23/08/2022,278.86
24/08/2022,277.23
25/08/2022,279.02
26/08/2022,280.34
29/08/2022,267.4
30/08/2022,267.05
31/08/2022,267.11
01/09/2022,260.89
02/09/2022,264.74
06/09/2022,257.83
07/09/2022,258.83
08/09/2022,260.43
09/09/2022,265.23
12/09/2022,267.45
13/09/2022,260.4
14/09/2022,254.23
15/09/2022,251.4
16/09/2022,245.3
19/09/2022,245.14
20/09/2022,243.51
21/09/2022,247.66
22/09/2022,243.86
23/09/2022,241.13
26/09/2022,241.45
27/09/2022,241.8
28/09/2022,242.33
29/09/2022,239.95
30/09/2022,240.54
03/10/2022,241.61
04/10/2022,250.36
05/10/2022,250.58
06/10/2022,250.34
07/10/2022,241.32
10/10/2022,234.56
11/10/2022,229.06
12/10/2022,227.86
13/10/2022,236.1
14/10/2022,237.24
17/10/2022,238.96
18/10/2022,243.93
19/10/2022,239.61
20/10/2022,241.31
21/10/2022,243.0
24/10/2022,247.84
25/10/2022,251.04
26/10/2022,238.3
27/10/2022,233.69
28/10/2022,236.6
31/10/2022,234.92
01/11/2022,235.74
02/11/2022,231.3
03/11/2022,220.41
04/11/2022,221.59
07/11/2022,228.41
08/11/2022,231.65
09/11/2022,228.63
10/11/2022,243.33
11/11/2022,247.99
14/11/2022,243.91
15/11/2022,247.0
16/11/2022,243.8
17/11/2022,243.25
18/11/2022,243.74
21/11/2022,244.67
22/11/2022,245.31
23/11/2022,248.28
25/11/2022,248.7
28/11/2022,246.65
29/11/2022,242.79
30/11/2022,255.33
01/12/2022,256.12
02/12/2022,256.06
05/12/2022,253.82
06/12/2022,251.86
07/12/2022,246.16
08/12/2022,248.74
09/12/2022,248.31
12/12/2022,252.54
13/12/2022,263.92
14/12/2022,262.59
15/12/2022,254.2
16/12/2022,249.84
19/12/2022,245.21
20/12/2022,242.91
21/12/2022,245.62
22/12/2022,241.99
23/12/2022,238.87
27/12/2022,238.93
28/12/2022,239.72
29/12/2022,241.92
30/12/2022,239.96
03/01/2023,245.75
04/01/2023,232.87
05/01/2023,227.55
06/01/2023,225.76
09/01/2023,231.24
10/01/2023,231.31
11/01/2023,235.95
12/01/2023,239.9
13/01/2023,239.37
17/01/2023,240.91
18/01/2023,242.38
19/01/2023,235.52
20/01/2023,240.74
23/01/2023,245.16
24/01/2023,243.95
25/01/2023,243.3
26/01/2023,248.31
27/01/2023,249.83
30/01/2023,245.6
31/01/2023,247.95
01/02/2023,255.18
02/02/2023,264.69
03/02/2023,264.2
06/02/2023,258.3
07/02/2023,268.77
08/02/2023,276.76
09/02/2023,273.98
10/02/2023,264.09
13/02/2023,274.6
14/02/2023,274.97
15/02/2023,270.73
16/02/2023,266.74
17/02/2023,260.09
21/02/2023,255.49
22/02/2023,254.34
23/02/2023,256.84
24/02/2023,251.0
27/02/2023,252.82
28/02/2023,251.49
01/03/2023,250.93
02/03/2023,251.4
03/03/2023,255.62
06/03/2023,260.12
07/03/2023,257.69
08/03/2023,254.54
09/03/2023,259.56
10/03/2023,252.79
13/03/2023,257.91
14/03/2023,261.07
15/03/2023,266.48
16/03/2023,276.56
17/03/2023,283.33
20/03/2023,277.48
21/03/2023,275.0
22/03/2023,281.04
23/03/2023,281.06
24/03/2023,280.63
27/03/2023,281.46
28/03/2023,276.14
29/03/2023,281.14
30/03/2023,284.46
31/03/2023,289.27
03/04/2023,288.27
04/04/2023,290.45
05/04/2023,287.15
06/04/2023,292.08
10/04/2023,289.6
11/04/2023,285.98
12/04/2023,287.01
13/04/2023,289.9
14/04/2023,288.48
17/04/2023,291.6
18/04/2023,291.76
19/04/2023,289.05
20/04/2023,289.03
21/04/2023,286.27
24/04/2023,284.95
25/04/2023,281.6
26/04/2023,299.57
27/04/2023,305.2
28/04/2023,308.93
01/05/2023,308.6
02/05/2023,309.18
03/05/2023,308.61
04/05/2023,307.76
05/05/2023,311.97
08/05/2023,310.2
09/05/2023,310.04
10/05/2023,313.0
11/05/2023,311.12
12/05/2023,310.65
15/05/2023,309.89
